RESIDENT_NAME,UID,EID,ENO,OPERATOR_ID,TIME
,XXXX XXXX 5540,,,SCL013_025,Wed Jan 08 09:57:00 IST 2025
,XXXX XXXX 4422,,,SCL013_025,Wed Jan 08 10:20:51 IST 2025
,XXXX XXXX 5917,,,SCL013_025,Wed Jan 08 10:22:54 IST 2025
,XXXX XXXX 7793,,,SCL013_025,Wed Jan 08 10:28:09 IST 2025
,XXXX XXXX 9304,,,SCL013_025,Wed Jan 08 10:31:52 IST 2025
,XXXX XXXX 8995,,,SCL013_025,Wed Jan 08 10:36:26 IST 2025
,XXXX XXXX 3541,,,SCL013_025,Wed Jan 08 10:54:44 IST 2025
,XXXX XXXX 5793,,,SCL013_025,Wed Jan 08 10:56:41 IST 2025
,XXXX XXXX 2860,,,SCL013_025,Wed Jan 08 10:58:40 IST 2025
,XXXX XXXX 8802,,,SCL013_025,Wed Jan 08 11:07:30 IST 2025
,XXXX XXXX 2509,,,SCL013_025,Wed Jan 08 11:46:41 IST 2025
,XXXX XXXX 8071,,,SCL013_025,Wed Jan 08 11:48:55 IST 2025
,XXXX XXXX 9294,,,SCL013_025,Wed Jan 08 11:58:11 IST 2025
,XXXX XXXX 1116,,,SCL013_025,Wed Jan 08 12:05:13 IST 2025
,XXXX XXXX 4907,,,SCL013_025,Wed Jan 08 12:19:38 IST 2025
,XXXX XXXX 2959,,,SCL013_025,Wed Jan 08 12:30:27 IST 2025
,XXXX XXXX 0893,,,SCL013_025,Wed Jan 08 12:33:05 IST 2025
,XXXX XXXX 0518,,,SCL013_025,Wed Jan 08 12:42:25 IST 2025
,XXXX XXXX 7994,,,SCL013_025,Wed Jan 08 12:45:57 IST 2025
,XXXX XXXX 5075,,,SCL013_025,Wed Jan 08 12:48:28 IST 2025
,XXXX XXXX 4654,,,SCL013_025,Wed Jan 08 12:50:15 IST 2025
,XXXX XXXX 9817,,,SCL013_025,Wed Jan 08 13:21:01 IST 2025
,XXXX XXXX 8822,,,SCL013_025,Wed Jan 08 13:37:32 IST 2025
,XXXX XXXX 6200,,,SCL013_025,Wed Jan 08 13:39:58 IST 2025
,XXXX XXXX 6370,,,SCL013_025,Wed Jan 08 13:41:14 IST 2025
,XXXX XXXX 2121,,,SCL013_025,Wed Jan 08 13:44:21 IST 2025
,XXXX XXXX 1604,,,SCL013_025,Wed Jan 08 13:47:20 IST 2025
,XXXX XXXX 7279,,,SCL013_025,Wed Jan 08 14:16:27 IST 2025
,,0013130054217103012025162038,,SCL013_025,Wed Jan 08 14:19:48 IST 2025
,XXXX XXXX 1264,,,SCL013_025,Wed Jan 08 14:21:54 IST 2025
,XXXX XXXX 0406,,,SCL013_025,Wed Jan 08 14:39:01 IST 2025
,XXXX XXXX 9940,,,SCL013_025,Wed Jan 08 15:12:12 IST 2025
,XXXX XXXX 2916,,,SCL013_025,Wed Jan 08 15:48:46 IST 2025
,XXXX XXXX 0350,,,SCL013_025,Wed Jan 08 15:55:01 IST 2025
,XXXX XXXX 2382,,,SCL013_025,Wed Jan 08 17:15:41 IST 2025
,XXXX XXXX 3661,,,SCL013_025,Wed Jan 08 17:29:23 IST 2025
,XXXX XXXX 1917,,,SCL013_025,Wed Jan 08 17:43:31 IST 2025
,XXXX XXXX 5499,,,SCL013_025,Wed Jan 08 17:58:26 IST 2025
