RESIDENT_NAME,UID,EID,ENO,OPERATOR_ID,TIME
,XXXX XXXX 3150,,,SCL013_026,Thu Jan 02 10:30:43 IST 2025
,,0847018320291205122024125346,,SCL013_026,Thu Jan 02 13:06:22 IST 2025
,XXXX XXXX 8607,,,SCL013_026,Thu Jan 02 13:56:38 IST 2025
,XXXX XXXX 5102,,,SCL013_026,Thu Jan 02 14:30:04 IST 2025
,XXXX XXXX 2898,,,SCL013_026,Thu Jan 02 14:48:10 IST 2025
,XXXX XXXX 2235,,,SCL013_026,Thu Jan 02 15:05:42 IST 2025
,XXXX XXXX 8086,,,SCL013_026,Thu Jan 02 15:08:11 IST 2025
,,2821270840514112082024171535,,SCL013_026,Thu Jan 02 16:13:54 IST 2025
,,0013130144182421122024150631,,SCL013_026,Thu Jan 02 16:16:31 IST 2025
,XXXX XXXX 2941,,,SCL013_026,Thu Jan 02 16:31:32 IST 2025
,,0013130091854818122024173751,,SCL013_026,Thu Jan 02 16:33:08 IST 2025
,XXXX XXXX 7166,,,SCL013_026,Thu Jan 02 16:35:14 IST 2025
,XXXX XXXX 6639,,,SCL013_026,Thu Jan 02 16:36:39 IST 2025
,XXXX XXXX 5756,,,SCL013_026,Thu Jan 02 16:38:05 IST 2025
,XXXX XXXX 9730,,,SCL013_026,Thu Jan 02 16:39:54 IST 2025
,XXXX XXXX 9914,,,SCL013_026,Thu Jan 02 16:49:20 IST 2025
,XXXX XXXX 4799,,,SCL013_026,Thu Jan 02 17:05:40 IST 2025
