RESIDENT_NAME,UID,EID,ENO,OPERATOR_ID,TIME
,XXXX XXXX 6810,,,SCL013_025,Sun Jan 05 09:56:24 IST 2025
,XXXX XXXX 7904,,,SCL013_025,Sun Jan 05 10:44:59 IST 2025
,XXXX XXXX 5072,,,SCL013_025,Sun Jan 05 10:48:11 IST 2025
,XXXX XXXX 8102,,,SCL013_025,Sun Jan 05 10:50:17 IST 2025
,XXXX XXXX 3398,,,SCL013_025,Sun Jan 05 11:04:14 IST 2025
,XXXX XXXX 1127,,,SCL013_025,Sun Jan 05 11:50:08 IST 2025
,,0013130311902104092024175630,,SCL013_025,Sun Jan 05 12:20:18 IST 2025
,XXXX XXXX 1785,,,SCL013_025,Sun Jan 05 12:32:16 IST 2025
,XXXX XXXX 7638,,,SCL013_025,Sun Jan 05 12:51:15 IST 2025
,XXXX XXXX 9923,,,SCL013_025,Sun Jan 05 13:39:58 IST 2025
,XXXX XXXX 6228,,,SCL013_025,Sun Jan 05 13:55:26 IST 2025
,XXXX XXXX 1227,,,SCL013_025,Sun Jan 05 14:47:50 IST 2025
,,0013130320843720122024162056,,SCL013_025,Sun Jan 05 14:49:56 IST 2025
,XXXX XXXX 8349,,,SCL013_025,Sun Jan 05 14:51:41 IST 2025
,XXXX XXXX 0892,,,SCL013_025,Sun Jan 05 15:40:59 IST 2025
,XXXX XXXX 9986,,,SCL013_025,Sun Jan 05 15:42:31 IST 2025
,,0013130072155128122024135137,,SCL013_025,Sun Jan 05 16:03:25 IST 2025
,XXXX XXXX 3516,,,SCL013_025,Sun Jan 05 16:26:29 IST 2025
